<metadata xml:lang="en"><Esri><CreaDate>20120320</CreaDate><CreaTime>10021200</CreaTime><SyncOnce>FALSE</SyncOnce><SyncDate>20211004</SyncDate><SyncTime>22362700</SyncTime><ModDate>20211004</ModDate><ModTime>22362700</ModTime><MetaID>{F7D2D087-6F17-48BA-BC19-A3EF81DB8E4F}</MetaID><DataProperties><itemProps><itemName Sync="TRUE">Neighborhoods</itemName><imsContentType Sync="TRUE">002</imsContentType><itemSize Sync="TRUE">0.000</itemSize><itemLocation><linkage Sync="TRUE">file://\\KC-CEIR-8X1KMH3\C$\Users\njw2b7\Desktop\New folder\Neighborhoods.shp</linkage><protocol Sync="TRUE">Local Area Network</protocol></itemLocation><nativeExtBox><westBL Sync="TRUE">2672816.088007</westBL><eastBL Sync="TRUE">2869282.471976</eastBL><southBL Sync="TRUE">967819.031988</southBL><northBL Sync="TRUE">1161492.828695</northBL><exTypeCode Sync="TRUE">1</exTypeCode></nativeExtBox></itemProps><coordRef><type Sync="TRUE">Projected</type><geogcsn Sync="TRUE">GCS_North_American_1983</geogcsn><projcsn Sync="TRUE">NAD_1983_StatePlane_Missouri_West_FIPS_2403_Feet</projcsn><peXml Sync="TRUE">&lt;ProjectedCoordinateSystem xsi:type='typens:ProjectedCoordinateSystem' xmlns:xsi='http://www.w3.org/2001/XMLSchema-instance' xmlns:xs='http://www.w3.org/2001/XMLSchema' xmlns:typens='http://www.esri.com/schemas/ArcGIS/10.8'&gt;&lt;WKT&gt;PROJCS[&amp;quot;NAD_1983_StatePlane_Missouri_West_FIPS_2403_Feet&amp;quot;,GEOGCS[&amp;quot;GCS_North_American_1983&amp;quot;,DATUM[&amp;quot;D_North_American_1983&amp;quot;,SPHEROID[&amp;quot;GRS_1980&amp;quot;,6378137.0,298.257222101]],PRIMEM[&amp;quot;Greenwich&amp;quot;,0.0],UNIT[&amp;quot;Degree&amp;quot;,0.0174532925199433]],PROJECTION[&amp;quot;Transverse_Mercator&amp;quot;],PARAMETER[&amp;quot;False_Easting&amp;quot;,2788708.333333333],PARAMETER[&amp;quot;False_Northing&amp;quot;,0.0],PARAMETER[&amp;quot;Central_Meridian&amp;quot;,-94.5],PARAMETER[&amp;quot;Scale_Factor&amp;quot;,0.9999411764705882],PARAMETER[&amp;quot;Latitude_Of_Origin&amp;quot;,36.16666666666666],UNIT[&amp;quot;Foot_US&amp;quot;,0.3048006096012192],AUTHORITY[&amp;quot;Esri&amp;quot;,102698]]&lt;/WKT&gt;&lt;XOrigin&gt;-15658800&lt;/XOrigin&gt;&lt;YOrigin&gt;-45949000&lt;/YOrigin&gt;&lt;XYScale&gt;137249632.08009261&lt;/XYScale&gt;&lt;ZOrigin&gt;-100000&lt;/ZOrigin&gt;&lt;ZScale&gt;10000&lt;/ZScale&gt;&lt;MOrigin&gt;-100000&lt;/MOrigin&gt;&lt;MScale&gt;10000&lt;/MScale&gt;&lt;XYTolerance&gt;0.0032808333333333331&lt;/XYTolerance&gt;&lt;ZTolerance&gt;0.001&lt;/ZTolerance&gt;&lt;MTolerance&gt;0.001&lt;/MTolerance&gt;&lt;HighPrecision&gt;true&lt;/HighPrecision&gt;&lt;WKID&gt;102698&lt;/WKID&gt;&lt;LatestWKID&gt;102698&lt;/LatestWKID&gt;&lt;/ProjectedCoordinateSystem&gt;</peXml><csUnits Sync="TRUE">Linear Unit: Foot_US (0.304801)</csUnits></coordRef><lineage><Process ToolSource="C:\Program Files (x86)\ArcGIS\Desktop10.0\ArcToolbox\Toolboxes\Analysis Tools.tbx\SpatialJoin" Date="20121018" Time="111103">SpatialJoin CEIWeb.SDE.CS_L00_NhdsTrs_Names2 CEIWeb.SDE.CS_R00_TIGER10bgs10_KCReg G:\Geodata_KC\2_LocalGeography\4_Nhds\NhdsTrs_wBGID10.shp JOIN_ONE_TO_MANY KEEP_ALL "NID "NID" true true false 8 Double 8 38 ,First,#,Database Connections\CEIWeb.sde\CEIWeb.SDE.CS_L00_NhdsTrs_Names2,NID,-1,-1;AreaName "AreaName" true true false 150 Text 0 0 ,First,#,Database Connections\CEIWeb.sde\CEIWeb.SDE.CS_L00_NhdsTrs_Names2,AreaName,-1,-1;CommunityDistrict "CommunityDistrict" true true false 50 Text 0 0 ,First,#,Database Connections\CEIWeb.sde\CEIWeb.SDE.CS_L00_NhdsTrs_Names2,CommunityDistrict,-1,-1;Shape_area "Shape_area" false false true 0 Double 0 0 ,First,#,Database Connections\CEIWeb.sde\CEIWeb.SDE.CS_L00_NhdsTrs_Names2,Shape.area,-1,-1;Shape_len "Shape_len" false false true 0 Double 0 0 ,First,#,Database Connections\CEIWeb.sde\CEIWeb.SDE.CS_L00_NhdsTrs_Names2,Shape.len,-1,-1;STATEFIP "STATEFIP" true true false 2 Text 0 0 ,First,#,Database Connections\CEIWeb.sde\CEIWeb.SDE.CS_R00_TIGER10bgs10_KCReg,STATEFIP,-1,-1;COUNTYFIP "COUNTYFIP" true true false 3 Text 0 0 ,First,#,Database Connections\CEIWeb.sde\CEIWeb.SDE.CS_R00_TIGER10bgs10_KCReg,COUNTYFIP,-1,-1;TRACT "TRACT" true true false 6 Text 0 0 ,First,#,Database Connections\CEIWeb.sde\CEIWeb.SDE.CS_R00_TIGER10bgs10_KCReg,TRACT,-1,-1;BLKGROUP "BLKGROUP" true true false 1 Text 0 0 ,First,#,Database Connections\CEIWeb.sde\CEIWeb.SDE.CS_R00_TIGER10bgs10_KCReg,BLKGROUP,-1,-1;BKGPIDFIP "BKGPIDFIP" true true false 12 Text 0 0 ,First,#,Database Connections\CEIWeb.sde\CEIWeb.SDE.CS_R00_TIGER10bgs10_KCReg,BKGPIDFIP,-1,-1;Name "Name" true true false 50 Text 0 0 ,First,#,Database Connections\CEIWeb.sde\CEIWeb.SDE.CS_R00_TIGER10bgs10_KCReg,Name,-1,-1;Shape_area_1 "Shape_area_1" false false true 0 Double 0 0 ,First,#,Database Connections\CEIWeb.sde\CEIWeb.SDE.CS_R00_TIGER10bgs10_KCReg,Shape.area,-1,-1;Shape_len_1 "Shape_len_1" false false true 0 Double 0 0 ,First,#,Database Connections\CEIWeb.sde\CEIWeb.SDE.CS_R00_TIGER10bgs10_KCReg,Shape.len,-1,-1" WITHIN # #</Process><Process ToolSource="c:\program files (x86)\arcgis\desktop10.5\ArcToolbox\Toolboxes\Conversion Tools.tbx\FeatureClassToFeatureClass" Date="20180822" Time="190641">FeatureClassToFeatureClass NhdsTrs_wBGID10 H:\GeoData\Wilson_Dissertation\Dissertation.gdb\Administrative_Boundaries KCMa_Neighborhoods # "Join_Count "Join_Count" true true false 9 Long 0 9 ,First,#,NhdsTrs_wBGID10,Join_Count,-1,-1;TARGET_FID "TARGET_FID" true true false 9 Long 0 9 ,First,#,NhdsTrs_wBGID10,TARGET_FID,-1,-1;JOIN_FID "JOIN_FID" true true false 9 Long 0 9 ,First,#,NhdsTrs_wBGID10,JOIN_FID,-1,-1;NID "NID" true true false 19 Double 8 18 ,First,#,NhdsTrs_wBGID10,NID,-1,-1;AreaName "AreaName" true true false 150 Text 0 0 ,First,#,NhdsTrs_wBGID10,AreaName,-1,-1;CommunityD "CommunityD" true true false 50 Text 0 0 ,First,#,NhdsTrs_wBGID10,CommunityD,-1,-1;Shape_area "Shape_area" true true false 19 Double 0 0 ,First,#,NhdsTrs_wBGID10,Shape_area,-1,-1;Shape_len "Shape_len" true true false 19 Double 0 0 ,First,#,NhdsTrs_wBGID10,Shape_len,-1,-1;STATEFIP "STATEFIP" true true false 2 Text 0 0 ,First,#,NhdsTrs_wBGID10,STATEFIP,-1,-1;COUNTYFIP "COUNTYFIP" true true false 3 Text 0 0 ,First,#,NhdsTrs_wBGID10,COUNTYFIP,-1,-1;TRACT "TRACT" true true false 6 Text 0 0 ,First,#,NhdsTrs_wBGID10,TRACT,-1,-1;BLKGROUP "BLKGROUP" true true false 1 Text 0 0 ,First,#,NhdsTrs_wBGID10,BLKGROUP,-1,-1;BKGPIDFIP "BKGPIDFIP" true true false 12 Text 0 0 ,First,#,NhdsTrs_wBGID10,BKGPIDFIP,-1,-1;Name "Name" true true false 50 Text 0 0 ,First,#,NhdsTrs_wBGID10,Name,-1,-1;Shape_ar_1 "Shape_ar_1" true true false 19 Double 0 0 ,First,#,NhdsTrs_wBGID10,Shape_ar_1,-1,-1;Shape_len_ "Shape_len_" true true false 19 Double 0 0 ,First,#,NhdsTrs_wBGID10,Shape_len_,-1,-1" #</Process><Process ToolSource="c:\program files (x86)\arcgis\desktop10.5\ArcToolbox\Toolboxes\Data Management Tools.tbx\CopyFeatures" Date="20180829" Time="193819">CopyFeatures H:\GeoData\Wilson_Dissertation\Dissertation.gdb\Administrative_Boundaries\KCMa_Neighborhoods "H:\Basemap\New File Geodatabase.gdb\AdministrativeGeographies\KCMa_Neighborhoods" # 0 0 0</Process><Process ToolSource="c:\program files\arcgis\pro\Resources\ArcToolbox\toolboxes\Data Management Tools.tbx\Merge" Date="20190222" Time="173419">Merge KCMa_Neighborhoods;MySdwlak_neighborhoods "H:\Basemap\Files for Shared Server\Assembling_Geographies\Assembling_Geographies.gdb\KCMa_CommunityDistricts_12_M_2" "NID "NID" true true false 8 Double 0 0,First,#,KCMa_Neighborhoods,NID,-1,-1;AreaName "AreaName" true true false 150 Text 0 0,First,#,KCMa_Neighborhoods,AreaName,0,150,MySdwlak_neighborhoods,label,0,150;CommunityD "CommunityD" true true false 50 Text 0 0,First,#,KCMa_Neighborhoods,CommunityD,0,50;Shape_Length "Shape_Length" false true true 8 Double 0 0,First,#,KCMa_Neighborhoods,Shape_Length,-1,-1,MySdwlak_neighborhoods,Shape_Length,-1,-1;Shape_Area "Shape_Area" false true true 8 Double 0 0,First,#,KCMa_Neighborhoods,Shape_Area,-1,-1,MySdwlak_neighborhoods,Shape_Area,-1,-1;id "id" true true false 8 Double 0 0,First,#,MySdwlak_neighborhoods,id,-1,-1;label_long "label_long" true true false 255 Text 0 0,First,#,MySdwlak_neighborhoods,label_long,0,255;shid "shid" true true false 255 Text 0 0,First,#,MySdwlak_neighborhoods,shid,0,255"</Process><Process ToolSource="c:\program files\arcgis\pro\Resources\ArcToolbox\toolboxes\Data Management Tools.tbx\JoinField" Date="20190222" Time="173859">JoinField KCMa_CommunityDistricts_12_M_2 AreaName KCMa_Neighborhoods AreaName NID</Process><Process ToolSource="c:\program files\arcgis\pro\Resources\ArcToolbox\toolboxes\Data Management Tools.tbx\CalculateField" Date="20190222" Time="174307">CalculateField KCMa_CommunityDistricts_12_M_2 NID !NID_1! "Python 3" #</Process><Process ToolSource="c:\program files\arcgis\pro\Resources\ArcToolbox\toolboxes\Data Management Tools.tbx\DeleteField" Date="20190222" Time="174943">DeleteField KCMa_CommunityDistricts_12_M_2 NID_1</Process><Process ToolSource="c:\program files\arcgis\pro\Resources\ArcToolbox\toolboxes\Conversion Tools.tbx\FeatureClassToFeatureClass" Date="20190222" Time="175247">FeatureClassToFeatureClass "H:\Basemap\Files for Shared Server\Assembling_Geographies\Assembling_Geographies.gdb\KCMa_CommunityDistricts_12_M_2" S:\KCHealthCORE\DATA\GEOGRAPHIES KCMa_Neighborhoods_19.shp # "NID "NID" true true false 8 Double 0 0,First,#,H:\Basemap\Files for Shared Server\Assembling_Geographies\Assembling_Geographies.gdb\KCMa_CommunityDistricts_12_M_2,NID,-1,-1;AreaName "AreaName" true true false 150 Text 0 0,First,#,H:\Basemap\Files for Shared Server\Assembling_Geographies\Assembling_Geographies.gdb\KCMa_CommunityDistricts_12_M_2,AreaName,0,150;CommunityD "CommunityD" true true false 50 Text 0 0,First,#,H:\Basemap\Files for Shared Server\Assembling_Geographies\Assembling_Geographies.gdb\KCMa_CommunityDistricts_12_M_2,CommunityD,0,50;id "id" true true false 8 Double 0 0,First,#,H:\Basemap\Files for Shared Server\Assembling_Geographies\Assembling_Geographies.gdb\KCMa_CommunityDistricts_12_M_2,id,-1,-1;label_long "label_long" true true false 255 Text 0 0,First,#,H:\Basemap\Files for Shared Server\Assembling_Geographies\Assembling_Geographies.gdb\KCMa_CommunityDistricts_12_M_2,label_long,0,255;shid "shid" true true false 255 Text 0 0,First,#,H:\Basemap\Files for Shared Server\Assembling_Geographies\Assembling_Geographies.gdb\KCMa_CommunityDistricts_12_M_2,shid,0,255;Shape_Leng "Shape_Length" false true true 8 Double 0 0,First,#,H:\Basemap\Files for Shared Server\Assembling_Geographies\Assembling_Geographies.gdb\KCMa_CommunityDistricts_12_M_2,Shape_Length,-1,-1;Shape_Area "Shape_Area" false true true 8 Double 0 0,First,#,H:\Basemap\Files for Shared Server\Assembling_Geographies\Assembling_Geographies.gdb\KCMa_CommunityDistricts_12_M_2,Shape_Area,-1,-1" #</Process><Process ToolSource="c:\program files\arcgis\pro\Resources\ArcToolbox\toolboxes\Data Management Tools.tbx\CopyFeatures" Date="20190415" Time="153459">CopyFeatures KCMa_Neighborhoods_19 H:\GeoData\Wilson_Dissertation\Maps\ForDissertation\ForDissertation.gdb\KCMa_Neighborhoods_19 # # # #</Process><Process ToolSource="c:\program files\arcgis\pro\Resources\ArcToolbox\toolboxes\Data Management Tools.tbx\CalculateField" Date="20190417" Time="125616">CalculateField KCMa_Neighborhoods_19 AreaName "Rver Forest NKC" "Python 3" #</Process><Process ToolSource="c:\program files\arcgis\pro\Resources\ArcToolbox\toolboxes\Data Management Tools.tbx\CalculateField" Date="20190417" Time="125900">CalculateField KCMa_Neighborhoods_19 NID 0 "Python 3" #</Process><Process ToolSource="c:\program files\arcgis\pro\Resources\ArcToolbox\toolboxes\Data Management Tools.tbx\CalculateField" Date="20190417" Time="130233">CalculateField KCMa_Neighborhoods_19 NID 0 "Python 3" #</Process><Process ToolSource="c:\program files\arcgis\pro\Resources\ArcToolbox\toolboxes\Data Management Tools.tbx\CalculateField" Date="20190417" Time="130327">CalculateField KCMa_Neighborhoods_19 AreaName "River Forest NKC" "Python 3" #</Process><Process ToolSource="c:\program files\arcgis\pro\Resources\ArcToolbox\toolboxes\Data Management Tools.tbx\UpdateSchema" Date="20190417" Time="132517">UpdateSchema "CIMDATA=&lt;CIMStandardDataConnection xsi:type='typens:CIMStandardDataConnection' xmlns:xsi='http://www.w3.org/2001/XMLSchema-instance' xmlns:xs='http://www.w3.org/2001/XMLSchema' xmlns:typens='http://www.esri.com/schemas/ArcGIS/2.2.0'&gt;&lt;WorkspaceConnectionString&gt;DATABASE=H:\GeoData\Wilson_Dissertation\Maps\ForDissertation\ForDissertation.gdb&lt;/WorkspaceConnectionString&gt;&lt;WorkspaceFactory&gt;FileGDB&lt;/WorkspaceFactory&gt;&lt;Dataset&gt;KCMa_Neighborhoods_19&lt;/Dataset&gt;&lt;DatasetType&gt;esriDTFeatureClass&lt;/DatasetType&gt;&lt;/CIMStandardDataConnection&gt;" &lt;operationSequence&gt;&lt;workflow&gt;&lt;AddField&gt;&lt;field_name&gt;nbr_id&lt;/field_name&gt;&lt;field_type&gt;DOUBLE&lt;/field_type&gt;&lt;field_alias&gt;nbr_id&lt;/field_alias&gt;&lt;field_is_nullable&gt;True&lt;/field_is_nullable&gt;&lt;field_is_required&gt;False&lt;/field_is_required&gt;&lt;/AddField&gt;&lt;/workflow&gt;&lt;/operationSequence&gt;</Process><Process ToolSource="c:\program files\arcgis\pro\Resources\ArcToolbox\toolboxes\Data Management Tools.tbx\CalculateField" Date="20190417" Time="132606">CalculateField KCMa_Neighborhoods_19 nbr_id "av.FindDoc("MyTable").ConvertRecordToRow(rec) " "Python 3" #</Process><Process ToolSource="c:\program files\arcgis\pro\Resources\ArcToolbox\toolboxes\Data Management Tools.tbx\CalculateField" Date="20190417" Time="132634">CalculateField KCMa_Neighborhoods_19 nbr_id SequentialNumber() "Python 3" "# Calculates a sequential number\n# More calculator examples at esriurl.com/CalculatorExamples\nrec=0\ndef SequentialNumber():\n    global rec\n    pStart = 1\n    pInterval = 1\n    if (rec == 0):\n        rec = pStart\n    else:\n        rec = rec + pInterval\n    return rec"</Process><Process ToolSource="c:\program files\arcgis\pro\Resources\ArcToolbox\toolboxes\Conversion Tools.tbx\FeatureClassToFeatureClass" Date="20190417" Time="133811">FeatureClassToFeatureClass KCMa_Neighborhoods_19 S:\KCHealthCORE\DATA\GEOGRAPHIES KCMa_Neighborhood_19.shp # "NID "NID" true true false 8 Double 0 0,First,#,KCMa_Neighborhoods_19,NID,-1,-1;AreaName "AreaName" true true false 150 Text 0 0,First,#,KCMa_Neighborhoods_19,AreaName,0,150;nbr_id "nbr_id" true true false 8 Double 0 0,First,#,KCMa_Neighborhoods_19,nbr_id,-1,-1;CommunityD "CommunityD" true true false 50 Text 0 0,First,#,KCMa_Neighborhoods_19,CommunityD,0,50;id "id" true true false 8 Double 0 0,First,#,KCMa_Neighborhoods_19,id,-1,-1;label_long "label_long" true true false 254 Text 0 0,First,#,KCMa_Neighborhoods_19,label_long,0,254;shid "shid" true true false 254 Text 0 0,First,#,KCMa_Neighborhoods_19,shid,0,254;Shape_Leng "Shape_Leng" true true false 8 Double 0 0,First,#,KCMa_Neighborhoods_19,Shape_Leng,-1,-1;Shape_Area "Shape_Area" false true true 8 Double 0 0,First,#,KCMa_Neighborhoods_19,Shape_Area,-1,-1" #</Process><Process ToolSource="c:\program files\arcgis\pro\Resources\ArcToolbox\toolboxes\Conversion Tools.tbx\FeatureClassToFeatureClass" Date="20190417" Time="135631">FeatureClassToFeatureClass KCMa_Neighborhood_19 H:\GeoData\Wilson_Dissertation\Maps\ForDissertation\ForDissertation.gdb\Neighborhood_files KCMa_Neighborhoods_2019 # "NID "NID" true true false 19 Double 0 0,First,#,KCMa_Neighborhood_19,NID,-1,-1;AreaName "AreaName" true true false 150 Text 0 0,First,#,KCMa_Neighborhood_19,AreaName,0,150;nbr_id "nbr_id" true true false 19 Double 0 0,First,#,KCMa_Neighborhood_19,nbr_id,-1,-1;CommunityD "CommunityD" true true false 50 Text 0 0,First,#,KCMa_Neighborhood_19,CommunityD,0,50;id "id" true true false 19 Double 0 0,First,#,KCMa_Neighborhood_19,id,-1,-1;label_long "label_long" true true false 254 Text 0 0,First,#,KCMa_Neighborhood_19,label_long,0,254;shid "shid" true true false 254 Text 0 0,First,#,KCMa_Neighborhood_19,shid,0,254;Shape_Leng "Shape_Leng" true true false 19 Double 0 0,First,#,KCMa_Neighborhood_19,Shape_Leng,-1,-1;Shape_Area "Shape_Area" true true false 19 Double 0 0,First,#,KCMa_Neighborhood_19,Shape_Area,-1,-1" #</Process><Process ToolSource="c:\program files (x86)\arcgis\desktop10.6\ArcToolbox\Toolboxes\Conversion Tools.tbx\FeatureClassToFeatureClass" Date="20190504" Time="194025">FeatureClassToFeatureClass H:\GeoData\Wilson_Dissertation\Maps\ForDissertation\ForDissertation.gdb\Neighborhood_files\KCMa_Neighborhoods_2019 S:\FTP_FileStructure\Unrestricted\1_SpatialLayers\1_Shapefiles\2_SummaryLevels\4_Social\2_Nhds KCMa_neighborhoods.shp # "NID "NID" true true false 8 Double 0 0 ,First,#,H:\GeoData\Wilson_Dissertation\Maps\ForDissertation\ForDissertation.gdb\Neighborhood_files\KCMa_Neighborhoods_2019,NID,-1,-1;AreaName "AreaName" true true false 150 Text 0 0 ,First,#,H:\GeoData\Wilson_Dissertation\Maps\ForDissertation\ForDissertation.gdb\Neighborhood_files\KCMa_Neighborhoods_2019,AreaName,-1,-1;nbr_id "nbr_id" true true false 8 Double 0 0 ,First,#,H:\GeoData\Wilson_Dissertation\Maps\ForDissertation\ForDissertation.gdb\Neighborhood_files\KCMa_Neighborhoods_2019,nbr_id,-1,-1;CommunityD "CommunityD" true true false 50 Text 0 0 ,First,#,H:\GeoData\Wilson_Dissertation\Maps\ForDissertation\ForDissertation.gdb\Neighborhood_files\KCMa_Neighborhoods_2019,CommunityD,-1,-1;id "id" true true false 8 Double 0 0 ,First,#,H:\GeoData\Wilson_Dissertation\Maps\ForDissertation\ForDissertation.gdb\Neighborhood_files\KCMa_Neighborhoods_2019,id,-1,-1;label_long "label_long" true true false 254 Text 0 0 ,First,#,H:\GeoData\Wilson_Dissertation\Maps\ForDissertation\ForDissertation.gdb\Neighborhood_files\KCMa_Neighborhoods_2019,label_long,-1,-1;shid "shid" true true false 254 Text 0 0 ,First,#,H:\GeoData\Wilson_Dissertation\Maps\ForDissertation\ForDissertation.gdb\Neighborhood_files\KCMa_Neighborhoods_2019,shid,-1,-1;Shape_Leng "Shape_Leng" true true false 8 Double 0 0 ,First,#,H:\GeoData\Wilson_Dissertation\Maps\ForDissertation\ForDissertation.gdb\Neighborhood_files\KCMa_Neighborhoods_2019,Shape_Leng,-1,-1;Shape_Le_1 "Shape_Le_1" false true true 8 Double 0 0 ,First,#,H:\GeoData\Wilson_Dissertation\Maps\ForDissertation\ForDissertation.gdb\Neighborhood_files\KCMa_Neighborhoods_2019,Shape_Length,-1,-1;Shape_Area "Shape_Area" false true true 8 Double 0 0 ,First,#,H:\GeoData\Wilson_Dissertation\Maps\ForDissertation\ForDissertation.gdb\Neighborhood_files\KCMa_Neighborhoods_2019,Shape_Area,-1,-1" #</Process><Process ToolSource="c:\program files (x86)\arcgis\desktop10.8\ArcToolbox\Toolboxes\Conversion Tools.tbx\FeatureClassToFeatureClass" Date="20211004" Time="223627">FeatureClassToFeatureClass N:\Groups\A&amp;S\CEI\CORE\1_SpatialLayers\1_Shapefiles\2_SummaryLevels\4_Social\2_Nhds\KCMa_2017_neighborhood.shp "C:\Users\njw2b7\Desktop\New folder" Neighborhoods.shp # "NID "NID" true true false 19 Double 0 0 ,First,#,N:\Groups\A&amp;S\CEI\CORE\1_SpatialLayers\1_Shapefiles\2_SummaryLevels\4_Social\2_Nhds\KCMa_2017_neighborhood.shp,NID,-1,-1;AreaName "AreaName" true true false 150 Text 0 0 ,First,#,N:\Groups\A&amp;S\CEI\CORE\1_SpatialLayers\1_Shapefiles\2_SummaryLevels\4_Social\2_Nhds\KCMa_2017_neighborhood.shp,AreaName,-1,-1;nbr_id "nbr_id" true true false 19 Double 0 0 ,First,#,N:\Groups\A&amp;S\CEI\CORE\1_SpatialLayers\1_Shapefiles\2_SummaryLevels\4_Social\2_Nhds\KCMa_2017_neighborhood.shp,nbr_id,-1,-1;CommunityD "CommunityD" true true false 50 Text 0 0 ,First,#,N:\Groups\A&amp;S\CEI\CORE\1_SpatialLayers\1_Shapefiles\2_SummaryLevels\4_Social\2_Nhds\KCMa_2017_neighborhood.shp,CommunityD,-1,-1;id "id" true true false 19 Double 0 0 ,First,#,N:\Groups\A&amp;S\CEI\CORE\1_SpatialLayers\1_Shapefiles\2_SummaryLevels\4_Social\2_Nhds\KCMa_2017_neighborhood.shp,id,-1,-1;label_long "label_long" true true false 254 Text 0 0 ,First,#,N:\Groups\A&amp;S\CEI\CORE\1_SpatialLayers\1_Shapefiles\2_SummaryLevels\4_Social\2_Nhds\KCMa_2017_neighborhood.shp,label_long,-1,-1;shid "shid" true true false 254 Text 0 0 ,First,#,N:\Groups\A&amp;S\CEI\CORE\1_SpatialLayers\1_Shapefiles\2_SummaryLevels\4_Social\2_Nhds\KCMa_2017_neighborhood.shp,shid,-1,-1;Shape_Leng "Shape_Leng" true true false 19 Double 0 0 ,First,#,N:\Groups\A&amp;S\CEI\CORE\1_SpatialLayers\1_Shapefiles\2_SummaryLevels\4_Social\2_Nhds\KCMa_2017_neighborhood.shp,Shape_Leng,-1,-1;Shape_Le_1 "Shape_Le_1" true true false 19 Double 0 0 ,First,#,N:\Groups\A&amp;S\CEI\CORE\1_SpatialLayers\1_Shapefiles\2_SummaryLevels\4_Social\2_Nhds\KCMa_2017_neighborhood.shp,Shape_Le_1,-1,-1;Shape_Area "Shape_Area" true true false 19 Double 0 0 ,First,#,N:\Groups\A&amp;S\CEI\CORE\1_SpatialLayers\1_Shapefiles\2_SummaryLevels\4_Social\2_Nhds\KCMa_2017_neighborhood.shp,Shape_Area,-1,-1" #</Process></lineage></DataProperties></Esri><idinfo><native Sync="TRUE">Microsoft Windows Vista Version 6.1 (Build 7601) Service Pack 1; ESRI ArcCatalog 9.3.1.1850</native><descript><langdata Sync="TRUE">en</langdata><abstract>This dataset contains 2000 U.S. Decennial Census demographic characteristic data aggregated and/or allocated to Kansas City, Missouri neighborhoods and Kansas City, Kansas census tracts.</abstract><purpose>To provide 2000 U.S. Decennial Census demographic characteristic data at an aggregate level which is meaningful to residents of Kansas City, Missouri and Kansas City, kansas.</purpose><supplinf>Kansas City, Missouri data was allocated to neighborhoods based on appropriate 2000 U.S. Census Block population, housing unit, and household counts.</supplinf></descript><citation><citeinfo><origin>Center for Economic Information - UMKC</origin><pubdate>4/15/2011</pubdate><title>KCMo Neighborhood &amp; KCKs Tract 2000 U.S. Decennial Census Demographic Characteristics</title><ftname Sync="TRUE">CEIWEB.SDE.CS_L00_NhdsTrs_Names2</ftname><geoform Sync="TRUE">vector digital data</geoform><onlink Sync="TRUE">Server=kc-cei-web01.kc.umkc.edu; Service=5151; Database=CEIWeb; User=sde; Version=sde.DEFAULT</onlink></citeinfo></citation><timeperd><current>ground condition</current><timeinfo><sngdate><caldate>2000</caldate></sngdate></timeinfo></timeperd><status><progress>Complete</progress><update>None planned</update></status><spdom><bounding><westbc Sync="TRUE">-94.908465</westbc><eastbc Sync="TRUE">-94.385361</eastbc><northbc Sync="TRUE">39.356360</northbc><southbc Sync="TRUE">38.824709</southbc></bounding><lboundng><leftbc Sync="TRUE">-10565162.045281</leftbc><rightbc Sync="TRUE">-10506930.302784</rightbc><bottombc Sync="TRUE">4696593.636562</bottombc><topbc Sync="TRUE">4772846.465994</topbc></lboundng></spdom><keywords><theme><themekt>REQUIRED: Reference to a formally registered thesaurus or a similar authoritative source of theme keywords.</themekt><themekey>Neighborhood</themekey><themekey>Tract</themekey><themekey>Demographic Characteristics</themekey><themekey>Kansas City, Missouri</themekey><themekey>Kansas City, Kansas</themekey></theme></keywords><accconst>None</accconst><useconst>None</useconst><natvform Sync="TRUE">SDE Feature Class</natvform></idinfo><dataIdInfo><envirDesc Sync="TRUE"> Version 6.2 (Build 9200) ; Esri ArcGIS 10.8.0.12790</envirDesc><dataLang><languageCode Sync="TRUE" value="eng" country="USA"></languageCode><countryCode value="USA" Sync="TRUE"></countryCode></dataLang><idCitation><resTitle Sync="TRUE">Neighborhoods</resTitle><presForm><PresFormCd Sync="TRUE" value="005"></PresFormCd></presForm></idCitation><spatRpType><SpatRepTypCd Sync="TRUE" value="001"></SpatRepTypCd></spatRpType><dataExt><geoEle><GeoBndBox esriExtentType="native"><westBL Sync="TRUE">-10565162.045281</westBL><eastBL Sync="TRUE">-10506930.302784</eastBL><northBL Sync="TRUE">4772846.465994</northBL><southBL Sync="TRUE">4696593.636562</southBL><exTypeCode Sync="TRUE">1</exTypeCode></GeoBndBox></geoEle><vertEle><vertMinVal Sync="TRUE">0.000000</vertMinVal><vertMaxVal Sync="TRUE">0.000000</vertMaxVal></vertEle></dataExt><geoBox esriExtentType="decdegrees"><westBL Sync="TRUE">-94.908465</westBL><eastBL Sync="TRUE">-94.385361</eastBL><northBL Sync="TRUE">39.35636</northBL><southBL Sync="TRUE">38.824709</southBL><exTypeCode Sync="TRUE">1</exTypeCode></geoBox><descKeys><thesaName uuidref="723f6998-058e-11dc-8314-0800200c9a66"></thesaName><keyword Sync="TRUE">002</keyword></descKeys><dataExt><geoEle><GeoBndBox esriExtentType="search"><exTypeCode Sync="TRUE">1</exTypeCode><westBL Sync="TRUE">-94.909858</westBL><eastBL Sync="TRUE">-94.215044</eastBL><northBL Sync="TRUE">39.356486</northBL><southBL Sync="TRUE">38.824010</southBL></GeoBndBox></geoEle><vertEle><vertMinVal Sync="TRUE">0.000000</vertMinVal><vertMaxVal Sync="TRUE">0.000000</vertMaxVal></vertEle></dataExt></dataIdInfo><metainfo><langmeta Sync="TRUE">en</langmeta><metstdn Sync="TRUE">FGDC Content Standards for Digital Geospatial Metadata</metstdn><metstdv Sync="TRUE">FGDC-STD-001-1998</metstdv><mettc Sync="TRUE">local time</mettc><metc><cntinfo><cntorgp><cntper>Sara Ballew</cntper><cntorg>Center for Economic Information - UMKC</cntorg></cntorgp><cntaddr><addrtype>mailing address</addrtype><city>Kansas City</city><state>Missouri</state><postal>64110</postal><address>5100 Rockhill Rd, HH 211</address></cntaddr><cntvoice>816-235-5701</cntvoice></cntinfo></metc><metd Sync="TRUE">20110901</metd></metainfo><mdLang><languageCode Sync="TRUE" value="eng"></languageCode><countryCode value="USA" Sync="TRUE"></countryCode></mdLang><mdStanName Sync="TRUE">ISO 19115 Geographic Information - Metadata</mdStanName><mdStanVer Sync="TRUE">DIS_ESRI1.0</mdStanVer><mdChar><CharSetCd Sync="TRUE" value="004"></CharSetCd></mdChar><mdHrLv><ScopeCd Sync="TRUE" value="005"></ScopeCd></mdHrLv><mdHrLvName Sync="TRUE">dataset</mdHrLvName><distinfo><resdesc Sync="TRUE">Downloadable Data</resdesc></distinfo><distInfo><distributor><distorTran><onLineSrc><orDesc Sync="TRUE">002</orDesc><linkage Sync="TRUE">Server=kc-cei-web01.kc.umkc.edu; Service=5151; Database=CEIWeb; User=sde; Version=sde.DEFAULT</linkage><protocol Sync="TRUE">ArcSDE Connection</protocol></onLineSrc></distorTran><distorFormat><formatName Sync="TRUE">SDE Feature Class</formatName></distorFormat></distributor><distFormat><formatName Sync="TRUE">Shapefile</formatName></distFormat><distTranOps><transSize Sync="TRUE">0.000</transSize></distTranOps></distInfo><spdoinfo><direct Sync="TRUE">Vector</direct><ptvctinf><esriterm Name="Neighborhoods"><efeatyp Sync="TRUE">Simple</efeatyp><efeageom code="4" Sync="TRUE"></efeageom><esritopo Sync="TRUE">FALSE</esritopo><efeacnt Sync="TRUE">0</efeacnt><spindex Sync="TRUE">FALSE</spindex><linrefer Sync="TRUE">TRUE</linrefer></esriterm></ptvctinf></spdoinfo><spref><horizsys><cordsysn><geogcsn Sync="TRUE">GCS_WGS_1984</geogcsn><projcsn Sync="TRUE">WGS_1984_Web_Mercator_Auxiliary_Sphere</projcsn></cordsysn><planar><planci><plance Sync="TRUE">coordinate pair</plance><plandu Sync="TRUE">meters</plandu><coordrep><absres Sync="TRUE">0.000000</absres><ordres Sync="TRUE">0.000000</ordres></coordrep></planci></planar><geodetic><horizdn Sync="TRUE">D_WGS_1984</horizdn><ellips Sync="TRUE">WGS_1984</ellips><semiaxis Sync="TRUE">6378137.000000</semiaxis><denflat Sync="TRUE">298.257224</denflat></geodetic></horizsys><vertdef><altsys><altenc Sync="TRUE">Explicit elevation coordinate included with horizontal coordinates</altenc><altres Sync="TRUE">1.000000</altres></altsys></vertdef></spref><refSysInfo><RefSystem><refSysID><identCode Sync="TRUE" code="102698">WGS_1984_Web_Mercator_Auxiliary_Sphere</identCode><idCodeSpace Sync="TRUE">Esri</idCodeSpace><idVersion Sync="TRUE">8.0.1</idVersion></refSysID></RefSystem></refSysInfo><spatRepInfo><VectSpatRep><geometObjs Name="Neighborhoods"><geoObjTyp><GeoObjTypCd value="002" Sync="TRUE"></GeoObjTypCd></geoObjTyp><geoObjCnt Sync="TRUE">0</geoObjCnt></geometObjs><topLvl><TopoLevCd value="001" Sync="TRUE"></TopoLevCd></topLvl></VectSpatRep></spatRepInfo><eainfo><detailed Name="Neighborhoods"><enttyp><enttypl Sync="TRUE">Neighborhoods</enttypl><enttypt Sync="TRUE">Feature Class</enttypt><enttypc Sync="TRUE">0</enttypc></enttyp><attr><attrlabl Sync="TRUE">FID</attrlabl><attalias Sync="TRUE">FID</attalias><attrtype Sync="TRUE">OID</attrtype><attwidth Sync="TRUE">4</attwidth><atprecis Sync="TRUE">0</atprecis><attscale Sync="TRUE">0</attscale><attrdef Sync="TRUE">Internal feature number.</attrdef><attrdefs Sync="TRUE">Esri</attrdefs><attrdomv><udom Sync="TRUE">Sequential unique whole numbers that are automatically generated.</udom></attrdomv></attr><attr><attrlabl Sync="TRUE">NID</attrlabl><attalias Sync="TRUE">NID</attalias><attrtype Sync="TRUE">Double</attrtype><attwidth Sync="TRUE">19</attwidth><atprecis Sync="TRUE">0</atprecis><attscale Sync="TRUE">0</attscale><attrdef>Neighborhood/tract identifier</attrdef><attrdefs>City of KCMo and 2000 U.S. Decennial Census, respectively</attrdefs></attr><attr><attrlabl Sync="TRUE">AreaName</attrlabl><attalias Sync="TRUE">AreaName</attalias><attrtype Sync="TRUE">String</attrtype><attwidth Sync="TRUE">150</attwidth><atprecis Sync="TRUE">0</atprecis><attscale Sync="TRUE">0</attscale><attrdef>Neighborhood/tract name</attrdef><attrdefs>City of KCMo and 2000 U.S. Decennial Census, respectively</attrdefs></attr><attr><attrlabl Sync="TRUE">Shape</attrlabl><attalias Sync="TRUE">Shape</attalias><attrtype Sync="TRUE">Geometry</attrtype><attwidth Sync="TRUE">0</attwidth><atprecis Sync="TRUE">0</atprecis><attscale Sync="TRUE">0</attscale><attrdef Sync="TRUE">Feature geometry.</attrdef><attrdefs Sync="TRUE">ESRI</attrdefs><attrdomv><udom Sync="TRUE">Coordinates defining the features.</udom></attrdomv></attr><attr><attrlabl Sync="TRUE">nbr_id</attrlabl><attalias Sync="TRUE">nbr_id</attalias><attrtype Sync="TRUE">Double</attrtype><attwidth Sync="TRUE">19</attwidth><atprecis Sync="TRUE">0</atprecis><attscale Sync="TRUE">0</attscale></attr><attr><attrlabl Sync="TRUE">CommunityD</attrlabl><attalias Sync="TRUE">CommunityD</attalias><attrtype Sync="TRUE">String</attrtype><attwidth Sync="TRUE">50</attwidth><atprecis Sync="TRUE">0</atprecis><attscale Sync="TRUE">0</attscale></attr><attr><attrlabl Sync="TRUE">id</attrlabl><attalias Sync="TRUE">id</attalias><attrtype Sync="TRUE">Double</attrtype><attwidth Sync="TRUE">19</attwidth><atprecis Sync="TRUE">0</atprecis><attscale Sync="TRUE">0</attscale></attr><attr><attrlabl Sync="TRUE">label_long</attrlabl><attalias Sync="TRUE">label_long</attalias><attrtype Sync="TRUE">String</attrtype><attwidth Sync="TRUE">254</attwidth><atprecis Sync="TRUE">0</atprecis><attscale Sync="TRUE">0</attscale></attr><attr><attrlabl Sync="TRUE">shid</attrlabl><attalias Sync="TRUE">shid</attalias><attrtype Sync="TRUE">String</attrtype><attwidth Sync="TRUE">254</attwidth><atprecis Sync="TRUE">0</atprecis><attscale Sync="TRUE">0</attscale></attr><attr><attrlabl Sync="TRUE">Shape_Leng</attrlabl><attalias Sync="TRUE">Shape_Leng</attalias><attrtype Sync="TRUE">Double</attrtype><attwidth Sync="TRUE">19</attwidth><atprecis Sync="TRUE">0</atprecis><attscale Sync="TRUE">0</attscale></attr><attr><attrlabl Sync="TRUE">Shape_Le_1</attrlabl><attalias Sync="TRUE">Shape_Le_1</attalias><attrtype Sync="TRUE">Double</attrtype><attwidth Sync="TRUE">19</attwidth><atprecis Sync="TRUE">0</atprecis><attscale Sync="TRUE">0</attscale></attr><attr><attrlabl Sync="TRUE">Shape_area</attrlabl><attalias Sync="TRUE">Shape_Area</attalias><attrtype Sync="TRUE">Double</attrtype><attwidth Sync="TRUE">19</attwidth><atprecis Sync="TRUE">0</atprecis><attscale Sync="TRUE">0</attscale><attrdef Sync="TRUE">Area of feature in internal units squared.</attrdef><attrdefs Sync="TRUE">ESRI</attrdefs><attrdomv><udom Sync="TRUE">Positive real numbers that are automatically generated.</udom></attrdomv></attr></detailed></eainfo><mdDateSt Sync="TRUE">20211004</mdDateSt><dataqual><lineage><procstep><procdesc Sync="TRUE">Dataset copied.</procdesc><srcused Sync="TRUE">Server=kc-csrv-ceiweb.kc.umkc.edu; Service=5151; User=sde; Version=sde.DEFAULT</srcused><procdate Sync="TRUE">20110420</procdate><proctime Sync="TRUE">16040400</proctime></procstep><procstep><procdesc Sync="TRUE">Dataset copied.</procdesc><srcused Sync="TRUE">Server=kc-csrv-ceiweb.kc.umkc.edu; Service=CEIWEB_SDE; Database=CEIWEB; User=sde; Version=sde.DEFAULT</srcused><procdate Sync="TRUE">20120320</procdate><proctime Sync="TRUE">10021200</proctime></procstep></lineage></dataqual></metadata>
