<?xml version="1.0" encoding="UTF-8"?>
<metadata xml:lang="en"><Esri><CreaDate>20190521</CreaDate><CreaTime>19044700</CreaTime><ArcGISFormat>1.0</ArcGISFormat><SyncOnce>FALSE</SyncOnce><DataProperties><lineage><Process ToolSource="c:\program files\arcgis\pro\Resources\ArcToolbox\toolboxes\Conversion Tools.tbx\JSONToFeatures" Date="20190521" Time="184404">JSONToFeatures S:\KCHealthCORE\DATA\MYSIDEWALK\02_UMKC_CEI_data_from_mySidewalk_2018_11_30\geo\community_district_kc_moks.geojson S:\KCHealthCORE\DATA\GEOGRAPHIES\MyS_comdist_json.shp Polygon</Process><Process ToolSource="c:\program files (x86)\arcgis\desktop10.6\ArcToolbox\Toolboxes\Data Management Tools.tbx\Project" Date="20190521" Time="190450">Project MyS_comdist_json S:\KCHealthCORE\DATA\GEOGRAPHIES\KCMa_CommunityDistricts_18.shp PROJCS['NAD_1983_StatePlane_Missouri_West_FIPS_2403_Feet',GEOGCS['GCS_North_American_1983',DATUM['D_North_American_1983',SPHEROID['GRS_1980',6378137.0,298.257222101]],PRIMEM['Greenwich',0.0],UNIT['Degree',0.0174532925199433]],PROJECTION['Transverse_Mercator'],PARAMETER['False_Easting',2788708.333333333],PARAMETER['False_Northing',0.0],PARAMETER['Central_Meridian',-94.5],PARAMETER['Scale_Factor',0.9999411764705882],PARAMETER['Latitude_Of_Origin',36.16666666666666],UNIT['Foot_US',0.3048006096012192]] WGS_1984_(ITRF00)_To_NAD_1983 GEOGCS['GCS_WGS_1984',DATUM['D_WGS_1984',SPHEROID['WGS_1984',6378137.0,298.257223563]],PRIMEM['Greenwich',0.0],UNIT['Degree',0.0174532925199433]] NO_PRESERVE_SHAPE # NO_VERTICAL</Process><Process ToolSource="c:\program files (x86)\arcgis\desktop10.6\ArcToolbox\Toolboxes\Conversion Tools.tbx\FeatureClassToFeatureClass" Date="20190521" Time="191116">FeatureClassToFeatureClass KCMa_CommunityDistricts_18 S:\FTP_FileStructure\Unrestricted\1_SpatialLayers\1_Shapefiles\2_SummaryLevels\4_Social\1_ComDists KC_community_district.shp # "State "State" true true false 254 Text 0 0 ,First,#,KCMa_CommunityDistricts_18,State,-1,-1;STATE_FIPS "STATE_FIPS" true true false 10 Long 0 10 ,First,#,KCMa_CommunityDistricts_18,STATE_FIPS,-1,-1;CD_ID "CD_ID" true true false 10 Long 0 10 ,First,#,KCMa_CommunityDistricts_18,CD_ID,-1,-1;shid "shid" true true false 254 Text 0 0 ,First,#,KCMa_CommunityDistricts_18,shid,-1,-1;CD_NAME "CD_NAME" true true false 254 Text 0 0 ,First,#,KCMa_CommunityDistricts_18,CD_NAME,-1,-1;NAME "NAME" true true false 254 Text 0 0 ,First,#,KCMa_CommunityDistricts_18,name,-1,-1;Shape_Area "Shape_Area" true true false 19 Double 0 0 ,First,#,KCMa_CommunityDistricts_18,Shape_Area,-1,-1;Shape_Leng "Shape_Leng" true true false 19 Double 0 0 ,First,#,KCMa_CommunityDistricts_18,Shape_Leng,-1,-1" #</Process><Process ToolSource="c:\program files (x86)\arcgis\desktop10.8\ArcToolbox\Toolboxes\Conversion Tools.tbx\FeatureClassToFeatureClass" Date="20211004" Time="223331">FeatureClassToFeatureClass N:\Groups\A&amp;S\CEI\CORE\1_SpatialLayers\1_Shapefiles\2_SummaryLevels\4_Social\1_ComDists\KC_2019_communitydistrict.shp "C:\Users\njw2b7\Desktop\New folder" Community_District.shp # "State "State" true true false 254 Text 0 0 ,First,#,N:\Groups\A&amp;S\CEI\CORE\1_SpatialLayers\1_Shapefiles\2_SummaryLevels\4_Social\1_ComDists\KC_2019_communitydistrict.shp,State,-1,-1;STATE_FIPS "STATE_FIPS" true true false 10 Long 0 10 ,First,#,N:\Groups\A&amp;S\CEI\CORE\1_SpatialLayers\1_Shapefiles\2_SummaryLevels\4_Social\1_ComDists\KC_2019_communitydistrict.shp,STATE_FIPS,-1,-1;CD_ID "CD_ID" true true false 10 Long 0 10 ,First,#,N:\Groups\A&amp;S\CEI\CORE\1_SpatialLayers\1_Shapefiles\2_SummaryLevels\4_Social\1_ComDists\KC_2019_communitydistrict.shp,CD_ID,-1,-1;shid "shid" true true false 254 Text 0 0 ,First,#,N:\Groups\A&amp;S\CEI\CORE\1_SpatialLayers\1_Shapefiles\2_SummaryLevels\4_Social\1_ComDists\KC_2019_communitydistrict.shp,shid,-1,-1;CD_NAME "CD_NAME" true true false 254 Text 0 0 ,First,#,N:\Groups\A&amp;S\CEI\CORE\1_SpatialLayers\1_Shapefiles\2_SummaryLevels\4_Social\1_ComDists\KC_2019_communitydistrict.shp,CD_NAME,-1,-1;NAME "NAME" true true false 254 Text 0 0 ,First,#,N:\Groups\A&amp;S\CEI\CORE\1_SpatialLayers\1_Shapefiles\2_SummaryLevels\4_Social\1_ComDists\KC_2019_communitydistrict.shp,NAME,-1,-1;Shape_Area "Shape_Area" true true false 19 Double 0 0 ,First,#,N:\Groups\A&amp;S\CEI\CORE\1_SpatialLayers\1_Shapefiles\2_SummaryLevels\4_Social\1_ComDists\KC_2019_communitydistrict.shp,Shape_Area,-1,-1;Shape_Leng "Shape_Leng" true true false 19 Double 0 0 ,First,#,N:\Groups\A&amp;S\CEI\CORE\1_SpatialLayers\1_Shapefiles\2_SummaryLevels\4_Social\1_ComDists\KC_2019_communitydistrict.shp,Shape_Leng,-1,-1" #</Process></lineage><itemProps><itemName Sync="TRUE">Community_District</itemName><imsContentType Sync="TRUE">002</imsContentType><itemSize Sync="TRUE">0.000</itemSize><itemLocation><linkage Sync="TRUE">file://\\KC-CEIR-8X1KMH3\C$\Users\njw2b7\Desktop\New folder\Community_District.shp</linkage><protocol Sync="TRUE">Local Area Network</protocol></itemLocation><nativeExtBox><westBL Sync="TRUE">2672816.106098</westBL><eastBL Sync="TRUE">2821302.178691</eastBL><southBL Sync="TRUE">967819.031790</southBL><northBL Sync="TRUE">1161492.827078</northBL><exTypeCode Sync="TRUE">1</exTypeCode></nativeExtBox></itemProps><coordRef><type Sync="TRUE">Projected</type><geogcsn Sync="TRUE">GCS_North_American_1983</geogcsn><csUnits Sync="TRUE">Linear Unit: Foot_US (0.304801)</csUnits><projcsn Sync="TRUE">NAD_1983_StatePlane_Missouri_West_FIPS_2403_Feet</projcsn><peXml Sync="TRUE">&lt;ProjectedCoordinateSystem xsi:type='typens:ProjectedCoordinateSystem' xmlns:xsi='http://www.w3.org/2001/XMLSchema-instance' xmlns:xs='http://www.w3.org/2001/XMLSchema' xmlns:typens='http://www.esri.com/schemas/ArcGIS/10.8'&gt;&lt;WKT&gt;PROJCS[&amp;quot;NAD_1983_StatePlane_Missouri_West_FIPS_2403_Feet&amp;quot;,GEOGCS[&amp;quot;GCS_North_American_1983&amp;quot;,DATUM[&amp;quot;D_North_American_1983&amp;quot;,SPHEROID[&amp;quot;GRS_1980&amp;quot;,6378137.0,298.257222101]],PRIMEM[&amp;quot;Greenwich&amp;quot;,0.0],UNIT[&amp;quot;Degree&amp;quot;,0.0174532925199433]],PROJECTION[&amp;quot;Transverse_Mercator&amp;quot;],PARAMETER[&amp;quot;False_Easting&amp;quot;,2788708.333333333],PARAMETER[&amp;quot;False_Northing&amp;quot;,0.0],PARAMETER[&amp;quot;Central_Meridian&amp;quot;,-94.5],PARAMETER[&amp;quot;Scale_Factor&amp;quot;,0.9999411764705882],PARAMETER[&amp;quot;Latitude_Of_Origin&amp;quot;,36.16666666666666],UNIT[&amp;quot;Foot_US&amp;quot;,0.3048006096012192],AUTHORITY[&amp;quot;Esri&amp;quot;,102698]]&lt;/WKT&gt;&lt;XOrigin&gt;-15658800&lt;/XOrigin&gt;&lt;YOrigin&gt;-45949000&lt;/YOrigin&gt;&lt;XYScale&gt;137249632.08009261&lt;/XYScale&gt;&lt;ZOrigin&gt;-100000&lt;/ZOrigin&gt;&lt;ZScale&gt;10000&lt;/ZScale&gt;&lt;MOrigin&gt;-100000&lt;/MOrigin&gt;&lt;MScale&gt;10000&lt;/MScale&gt;&lt;XYTolerance&gt;0.0032808333333333331&lt;/XYTolerance&gt;&lt;ZTolerance&gt;0.001&lt;/ZTolerance&gt;&lt;MTolerance&gt;0.001&lt;/MTolerance&gt;&lt;HighPrecision&gt;true&lt;/HighPrecision&gt;&lt;WKID&gt;102698&lt;/WKID&gt;&lt;LatestWKID&gt;102698&lt;/LatestWKID&gt;&lt;/ProjectedCoordinateSystem&gt;</peXml></coordRef></DataProperties><SyncDate>20211004</SyncDate><SyncTime>22333000</SyncTime><ModDate>20211004</ModDate><ModTime>22333000</ModTime></Esri><dataIdInfo><envirDesc Sync="TRUE"> Version 6.2 (Build 9200) ; Esri ArcGIS 10.8.0.12790</envirDesc><dataLang><languageCode value="eng" Sync="TRUE"></languageCode><countryCode value="USA" Sync="TRUE"></countryCode></dataLang><idCitation><resTitle Sync="TRUE">Community_District</resTitle><presForm><PresFormCd value="005" Sync="TRUE"></PresFormCd></presForm></idCitation><spatRpType><SpatRepTypCd value="001" Sync="TRUE"></SpatRepTypCd></spatRpType><dataExt><geoEle><GeoBndBox esriExtentType="search"><exTypeCode Sync="TRUE">1</exTypeCode><westBL Sync="TRUE">-94.909858</westBL><eastBL Sync="TRUE">-94.384729</eastBL><northBL Sync="TRUE">39.356486</northBL><southBL Sync="TRUE">38.824010</southBL></GeoBndBox></geoEle></dataExt></dataIdInfo><mdLang><languageCode value="eng" Sync="TRUE"></languageCode><countryCode value="USA" Sync="TRUE"></countryCode></mdLang><mdChar><CharSetCd value="004" Sync="TRUE"></CharSetCd></mdChar><distInfo><distFormat><formatName Sync="TRUE">Shapefile</formatName></distFormat><distTranOps><transSize Sync="TRUE">0.000</transSize></distTranOps></distInfo><mdHrLv><ScopeCd value="005" Sync="TRUE"></ScopeCd></mdHrLv><mdHrLvName Sync="TRUE">dataset</mdHrLvName><refSysInfo><RefSystem><refSysID><identCode code="102698" Sync="TRUE"></identCode><idCodeSpace Sync="TRUE">Esri</idCodeSpace><idVersion Sync="TRUE">8.0.1</idVersion></refSysID></RefSystem></refSysInfo><spatRepInfo><VectSpatRep><geometObjs Name="Community_District"><geoObjTyp><GeoObjTypCd value="002" Sync="TRUE"></GeoObjTypCd></geoObjTyp><geoObjCnt Sync="TRUE">0</geoObjCnt></geometObjs><topLvl><TopoLevCd value="001" Sync="TRUE"></TopoLevCd></topLvl></VectSpatRep></spatRepInfo><spdoinfo><ptvctinf><esriterm Name="Community_District"><efeatyp Sync="TRUE">Simple</efeatyp><efeageom code="4" Sync="TRUE"></efeageom><esritopo Sync="TRUE">FALSE</esritopo><efeacnt Sync="TRUE">0</efeacnt><spindex Sync="TRUE">FALSE</spindex><linrefer Sync="TRUE">TRUE</linrefer></esriterm></ptvctinf></spdoinfo><eainfo><detailed Name="Community_District"><enttyp><enttypl Sync="TRUE">Community_District</enttypl><enttypt Sync="TRUE">Feature Class</enttypt><enttypc Sync="TRUE">0</enttypc></enttyp><attr><attrlabl Sync="TRUE">FID</attrlabl><attalias Sync="TRUE">FID</attalias><attrtype Sync="TRUE">OID</attrtype><attwidth Sync="TRUE">4</attwidth><atprecis Sync="TRUE">0</atprecis><attscale Sync="TRUE">0</attscale><attrdef Sync="TRUE">Internal feature number.</attrdef><attrdefs Sync="TRUE">Esri</attrdefs><attrdomv><udom Sync="TRUE">Sequential unique whole numbers that are automatically generated.</udom></attrdomv></attr><attr><attrlabl Sync="TRUE">Shape</attrlabl><attalias Sync="TRUE">Shape</attalias><attrtype Sync="TRUE">Geometry</attrtype><attwidth Sync="TRUE">0</attwidth><atprecis Sync="TRUE">0</atprecis><attscale Sync="TRUE">0</attscale><attrdef Sync="TRUE">Feature geometry.</attrdef><attrdefs Sync="TRUE">Esri</attrdefs><attrdomv><udom Sync="TRUE">Coordinates defining the features.</udom></attrdomv></attr><attr><attrlabl Sync="TRUE">State</attrlabl><attalias Sync="TRUE">State</attalias><attrtype Sync="TRUE">String</attrtype><attwidth Sync="TRUE">254</attwidth><atprecis Sync="TRUE">0</atprecis><attscale Sync="TRUE">0</attscale></attr><attr><attrlabl Sync="TRUE">STATE_FIPS</attrlabl><attalias Sync="TRUE">STATE_FIPS</attalias><attrtype Sync="TRUE">Integer</attrtype><attwidth Sync="TRUE">10</attwidth><atprecis Sync="TRUE">10</atprecis><attscale Sync="TRUE">0</attscale></attr><attr><attrlabl Sync="TRUE">CD_ID</attrlabl><attalias Sync="TRUE">CD_ID</attalias><attrtype Sync="TRUE">Integer</attrtype><attwidth Sync="TRUE">10</attwidth><atprecis Sync="TRUE">10</atprecis><attscale Sync="TRUE">0</attscale></attr><attr><attrlabl Sync="TRUE">shid</attrlabl><attalias Sync="TRUE">shid</attalias><attrtype Sync="TRUE">String</attrtype><attwidth Sync="TRUE">254</attwidth><atprecis Sync="TRUE">0</atprecis><attscale Sync="TRUE">0</attscale></attr><attr><attrlabl Sync="TRUE">CD_NAME</attrlabl><attalias Sync="TRUE">CD_NAME</attalias><attrtype Sync="TRUE">String</attrtype><attwidth Sync="TRUE">254</attwidth><atprecis Sync="TRUE">0</atprecis><attscale Sync="TRUE">0</attscale></attr><attr><attrlabl Sync="TRUE">NAME</attrlabl><attalias Sync="TRUE">NAME</attalias><attrtype Sync="TRUE">String</attrtype><attwidth Sync="TRUE">254</attwidth><atprecis Sync="TRUE">0</atprecis><attscale Sync="TRUE">0</attscale></attr><attr><attrlabl Sync="TRUE">Shape_Area</attrlabl><attalias Sync="TRUE">Shape_Area</attalias><attrtype Sync="TRUE">Double</attrtype><attwidth Sync="TRUE">19</attwidth><atprecis Sync="TRUE">0</atprecis><attscale Sync="TRUE">0</attscale><attrdef Sync="TRUE">Area of feature in internal units squared.</attrdef><attrdefs Sync="TRUE">Esri</attrdefs><attrdomv><udom Sync="TRUE">Positive real numbers that are automatically generated.</udom></attrdomv></attr><attr><attrlabl Sync="TRUE">Shape_Leng</attrlabl><attalias Sync="TRUE">Shape_Leng</attalias><attrtype Sync="TRUE">Double</attrtype><attwidth Sync="TRUE">19</attwidth><atprecis Sync="TRUE">0</atprecis><attscale Sync="TRUE">0</attscale></attr></detailed></eainfo><mdDateSt Sync="TRUE">20211004</mdDateSt></metadata>
